repeat_segment,policy,ndcg_at_10,recall_at_10,repeat_recall_at_10,explore_recall_at_10,delta_ndcg_at_10,delta_recall_at_10,delta_repeat_recall_at_10,delta_explore_recall_at_10
low-repeat,unconstrained,0.3124785973892858,0.2716929069535886,0.6679469799725076,0.005211835095960245,0.0,0.0,0.0,0.0
low-repeat,>=1 explore,0.30772711983927076,0.26481474380188214,0.6369527632386126,0.014000998751151095,-0.0047514775500150375,-0.006878163151706473,-0.03099421673389502,0.00878916365519085
low-repeat,>=2 explore,0.30049670475306206,0.2542100544377775,0.6024832773993724,0.01969160332725105,-0.011981892636223734,-0.01748285251581111,-0.06546370257313527,0.014479768231290806
low-repeat,>=3 explore,0.29159166098562844,0.2415433168786664,0.5628076191224204,0.024284818576003855,-0.020886936403657352,-0.03014959007492221,-0.10513936085008724,0.01907298348004361
medium-repeat,unconstrained,0.4280580765379718,0.3576658018932765,0.5786719570372547,0.002221217207772492,0.0,0.0,0.0,0.0
medium-repeat,>=1 explore,0.41785065181212033,0.34413913599950513,0.5512924899953754,0.010105108011272016,-0.010207424725851455,-0.013526665893771384,-0.027379467041879324,0.007883890803499525
medium-repeat,>=2 explore,0.4060402478447672,0.32861205252004144,0.522199574238592,0.016406657100283262,-0.022017828693204566,-0.02905374937323507,-0.056472382798662735,0.014185439892510771
medium-repeat,>=3 explore,0.3916161798372351,0.3101861601131472,0.48903936528817543,0.021814150262840074,-0.036441896700736665,-0.04747964178012931,-0.08963259174907928,0.019592933055067582
high-repeat,unconstrained,0.5424488381892774,0.44286516757215244,0.5607781396821446,0.0007036466522796265,0.0,0.0,0.0,0.0
high-repeat,>=1 explore,0.5272860565400177,0.4241864884664584,0.5342131069371657,0.009843893430730945,-0.01516278164925966,-0.01867867910569404,-0.0265650327449789,0.009140246778451318
high-repeat,>=2 explore,0.5096739683132494,0.4027279522899519,0.505281603433948,0.015846994467593373,-0.03277486987602796,-0.040137215282200545,-0.055496536248196615,0.015143347815313747
high-repeat,>=3 explore,0.4893211227382861,0.37841498875645246,0.47280965222166876,0.02140241437678296,-0.053127715450991264,-0.06445017881569998,-0.08796848746047586,0.020698767724503336
